{
	"2-player": ["2-player"],
	"3d": ["3d"],
	"actions": ["action","actions"],
	"adventure": ["adventure","adventures"],
	"arcade": ["arcade"],
	"bejeweled": ["bejeweled"],
	"board": ["board"],
	"bubble-shooter": ["bubble-shooter"],
	"cards": ["card","cards"],
	"casual": ["casual"],
	"classic": ["classic","classics"],
	"clicker": ["clicker","clickers"],
	"cooking": ["cooking"],
	"girls": ["girl","girls"],
	"other": ["other"],
	"match-3": ["match-3"],
	"multiplayer": ["multiplayer"],
	"puzzle": ["puzzle","puzzles"],
	"quiz": ["quiz"],
	"racing": ["racing"],
	"rpg": ["rpg"],
	"simulation": ["simulation"],
	"sport": ["sport","sports"],
	"trivia": ["trivia"]
}